MarketName,PropertyID,Name,FirstRecordedMonth,FirstRecordedStatus,Delivered,FirstMonthOcc90,LeaseUpMonths,EffRentStart,EffRentEnd,EffRentAbsGrowth,EffRentPctGrowth,NegativeEffRentGrowth,InitialOccupancy,AvgMonthlyOccGrowth,TimeTo50Pct,OccDropIndicator,OccupancyVolatility,RentVolatility,MonthsObservedInLeaseUp
"Akron, OH",51333,East End Residences,2016/1/1,LU,TRUE,2016/5/1,4,1219,1219,0,0,FALSE,0.847,0.02150000000000002,0,0,0.03272919186292264,0,5
"Akron, OH",47913,Colony Hills,2017/9/1,LU,TRUE,2018/9/1,12,1125,1125,0,0,FALSE,0.25,0.0625,2,0,0.1650563229433812,12.659242088545833,13
"Akron, OH",92308,Copper Creek,2018/5/1,UC/LU,TRUE,,,,,,,,0.45,,,,,,
"Akron, OH",87610,Bowery District,2020/3/1,LU,TRUE,,,,,,,,0.163,,,,,,
"Akron, OH",10258733,797 Residence & Suites,2020/6/1,LU,TRUE,,,,,,,,0,,,,,,
"Austin-Round Rock, TX",13268,The Villas of Cordoba,2008/4/1,LU,TRUE,2009/11/1,19,670,700,30,0.04477611940298498,FALSE,0,0.04926315789473684,12,1,0.4354111759076278,21.547743806670216,20
"Austin-Round Rock, TX",18255,AMLI Eastside,2008/4/1,LU,TRUE,2009/8/1,16,1606,1338,-268,-0.166874222,TRUE,0.8,0.009249999999999994,0,1,0.05365055780643082,148.2240206380789,17
"Austin-Round Rock, TX",19035,AMLI on 2ND,2008/4/1,LU,TRUE,2008/9/1,5,2479,1897,-582,-0.234772086,TRUE,0.541,0.0736,0,0,0.14095921395921585,243.52658992397522,6
"Austin-Round Rock, TX",19124,Colonial Grand at Onion Creek,2008/4/1,UC/LU,TRUE,2009/3/1,11,1068,1039,-29,-0.027153558,TRUE,0,0.08272727272727273,7,1,0.2896536594352684,59.88087922675899,12
"Austin-Round Rock, TX",19145,Autumn Ranch on Swenson Farms,2008/4/1,LU,TRUE,2009/8/1,16,895,1036,141,0.15754189944134067,FALSE,0.229,0.0455625,4,0,0.2035678272569554,69.47296342505352,17
"Austin-Round Rock, TX",19148,3500 Westlake,2008/4/1,LU,TRUE,2009/4/1,12,1695,1276,-419,-0.24719764,TRUE,0.491,0.037166666666666674,1,1,0.14809309269025378,153.91039684313162,13
"Austin-Round Rock, TX",19152,The Monarch by Windsor,2008/4/1,UC/LU,TRUE,2009/6/1,14,2870,2364,-506,-0.17630662,TRUE,0,0.0657857142857143,6,1,0.31040135308983435,184.18262158856925,15
"Austin-Round Rock, TX",19170,Bexley at Silverado,2008/4/1,LU,TRUE,2009/5/1,13,931,839,-92,-0.098818475,TRUE,0.74,0.01230769230769231,0,1,0.0480103010924636,62.302214519757925,14
"Austin-Round Rock, TX",19373,Avanti Hills at the Galleria,2008/4/1,UC/LU,TRUE,2010/5/1,25,1181,1086,-95,-0.080440305,TRUE,0.048,0.03612,9,1,0.2886655584155904,65.77992445677071,26
"Austin-Round Rock, TX",19410,AMLI 300,2008/4/1,LU,TRUE,2009/11/1,19,2012,1668,-344,-0.170974155,TRUE,0.181,0.03794736842105264,4,1,0.23617758706443537,123.39193012937528,20
"Austin-Round Rock, TX",19551,Camden Cedar Hills,2008/4/1,UC/LU,TRUE,2009/6/1,14,1053,1094,41,0.03893637226970559,FALSE,0.014,0.06835714285714287,5,0,0.322247065818405,42.90332432452337,15
"Austin-Round Rock, TX",19622,Marquis Lakeline Station,2008/5/1,LU,TRUE,2009/4/1,11,981,770,-211,-0.215086646,TRUE,0.45,0.041,1,0,0.13138086549487266,67.87348971476717,12
"Austin-Round Rock, TX",19776,Camden Brushy Creek,2008/6/1,LU,TRUE,2009/5/1,11,817,768,-49,-0.05997552,TRUE,0.43,0.04372727272727273,2,1,0.1469261564682935,37.57134627087591,12
"Austin-Round Rock, TX",19839,The Bridge at Centeridge,2008/6/1,UC/LU,TRUE,2009/5/1,11,865,708,-157,-0.18150289,TRUE,0,0.08463636363636363,7,0,0.347480629501542,49.8670960927872,12
"Austin-Round Rock, TX",35750,The Davis SoCo,2008/6/1,UC/LU,TRUE,2009/8/1,14,1425,1259,-166,-0.116491228,TRUE,0.022,0.06771428571428571,8,0,0.3042105004292728,100.27547770303279,15
"Austin-Round Rock, TX",87856,Park Place at Loyola,2008/6/1,UC/LU,TRUE,2009/11/1,17,793,717,-76,-0.095838588,TRUE,0.544,0.021294117647058824,0,1,0.10932466488830951,22.839093305263585,18
"Austin-Round Rock, TX",19869,The Beverly,2008/7/1,UC/LU,TRUE,2009/5/1,10,1989,1977,-12,-0.006033183,TRUE,0.083,0.0908,5,1,0.29269382078764955,160.63487677451505,11
"Austin-Round Rock, TX",19952,Parmer Place,2008/8/1,UC/LU,TRUE,2009/8/1,12,1075,1000,-75,-0.069767442,TRUE,0.2,0.05858333333333333,5,0,0.21388215662620602,51.34748389711128,13
"Austin-Round Rock, TX",19960,Marquis at Canyon Ridge,2008/8/1,UC/LU,TRUE,2009/9/1,13,864,827,-37,-0.042824074,TRUE,0.03,0.0693076923076923,7,1,0.3031771414880731,21.356729387007977,14
"Austin-Round Rock, TX",19965,Crescent,2008/8/1,UC/LU,TRUE,2009/7/1,11,1366,1378,12,0.008784773060029227,FALSE,0.101,0.07418181818181818,5,0,0.2769124683930197,91.42553684763786,12
"Austin-Round Rock, TX",19963,The Marquis at Brushy Creek,2008/9/1,UC/LU,TRUE,2011/4/1,31,898,870,-28,-0.031180401,TRUE,0.1,0.025806451612903226,8,1,0.22093083640770125,64.32157585886513,32
"Austin-Round Rock, TX",20697,The Cove at Saddle Creek,2008/9/1,UC/LU,TRUE,2010/3/1,18,873,748,-125,-0.143184422,TRUE,0.163,0.04111111111111112,5,0,0.24124677375656903,40.609537093199876,19
"Austin-Round Rock, TX",18272,Colonial Grand at Ashton Oaks,2008/10/1,UC/LU,TRUE,2009/12/1,14,992,653,-339,-0.341733871,TRUE,0.038,0.06157142857142857,8,0,0.29189662227445884,107.96772004367125,15
"Austin-Round Rock, TX",20173,West Lake Vistas,2008/11/1,UC/LU,TRUE,2010/4/1,17,1345,1303,-42,-0.031226766,TRUE,0.021,0.05352941176470588,9,0,0.3306260500434294,81.9463597870762,18
"Austin-Round Rock, TX",19624,Colonial Grand at Wells Branch,2008/12/1,LU,TRUE,2009/8/1,8,922,833,-89,-0.096529284,TRUE,0.589,0.045,0,1,0.0979872440677867,64.77289385057439,9
"Austin-Round Rock, TX",19625,5th Street Commons,2008/12/1,UC/LU,TRUE,2009/8/1,8,1473,1652,179,0.12152070604209086,FALSE,0.08,0.10825,6,1,0.2693771107161441,97.22753953713138,9
"Austin-Round Rock, TX",19841,Griffis Southpark,2008/12/1,LU,TRUE,2009/5/1,5,893,897,4,0.004479283314669624,FALSE,0.67,0.05,0,0,0.09172004506467857,18.51485889765299,6
"Austin-Round Rock, TX",19876,Windsor On The Lake,2009/1/1,UC/LU,TRUE,2009/9/1,8,1932,1963,31,0.016045548654244346,FALSE,0.14,0.097625,5,0,0.2812118616116879,65.58582163852185,9
"Austin-Round Rock, TX",19831,Palm Valley Apartments,2009/3/1,LU,TRUE,2009/10/1,7,829,755,-74,-0.089264174,TRUE,0.458,0.0642857142857143,1,0,0.16387800340497194,33.783977605621615,8
"Austin-Round Rock, TX",19836,Cortland Southpark Estates II,2009/3/1,LU,TRUE,2010/11/1,20,878,777,-101,-0.115034169,TRUE,0.37,0.028999999999999998,5,1,0.1800478507825866,75.01926736639379,21
"Austin-Round Rock, TX",19837,Cortland Southpark Terraces,2009/3/1,LU,TRUE,2010/11/1,20,990,848,-142,-0.143434343,TRUE,0.364,0.0293,5,1,0.18312088123110684,87.12814864160885,21
"Austin-Round Rock, TX",19962,Bell at Teravista,2009/3/1,LU,TRUE,2009/12/1,9,797,774,-23,-0.028858218,TRUE,0.421,0.05655555555555557,4,0,0.1903647084472913,36.0772319706857,10
"Austin-Round Rock, TX",20040,Las Brisas Luxury Apartment Homes,2009/3/1,LU,TRUE,2010/10/1,19,904,923,19,0.02101769911504414,FALSE,0.19,0.037894736842105266,5,1,0.20303613886254468,27.639597833923933,20
"Austin-Round Rock, TX",20685,City North at Sunrise Ranch,2009/3/1,LU,TRUE,2010/6/1,15,765,800,35,0.045751633986928164,FALSE,0.119,0.0526,5,1,0.2637034240076024,38.287454429181714,16
"Austin-Round Rock, TX",27065,Agave at South Congress,2009/3/1,LU,TRUE,2009/11/1,8,1131,1025,-106,-0.09372237,TRUE,0.128,0.1,4,1,0.38040409800339664,56.40207836990091,9
"Austin-Round Rock, TX",30455,Villas at Tech Ridge,2009/3/1,LU,TRUE,2010/6/1,15,1141,841,-300,-0.262927257,TRUE,0.538,0.024133333333333333,0,1,0.12503771097819516,104.96785222152542,16
"Austin-Round Rock, TX",62303,Walnut Ridge Phase I & II,2009/3/1,LU,TRUE,2010/5/1,14,792,760,-32,-0.04040404,TRUE,0.75,0.011071428571428574,0,1,0.04234922836200374,46.205235737130586,15
"Austin-Round Rock, TX",19199,Mosaic at Mueller,2009/4/1,UC/LU,TRUE,2010/8/1,16,1292,1466,174,0.1346749226006192,FALSE,0.02,0.0555625,5,1,0.29741921790037473,74.40761148604908,17
"Austin-Round Rock, TX",26327,Midtown Commons at Crestview Station I,2009/7/1,UC/LU,TRUE,2010/10/1,15,1243,1125,-118,-0.094931617,TRUE,0.898,0.006833333333333321,0,1,0.20545211468508037,55.49903474064082,7
"Austin-Round Rock, TX",26391,Broadstone Travesia,2009/7/1,UC/LU,TRUE,2009/9/1,2,849,935,86,0.10129564193168439,FALSE,0.899,0.01100000000000001,0,0,0.012701705922171779,43,3
"Austin-Round Rock, TX",26404,Broadstone Grand Avenue,2009/9/1,LU,TRUE,2010/9/1,12,997,805,-192,-0.192577733,TRUE,0.703,0.018750000000000006,0,1,0.06426717070767339,85.00150828224409,13
"Austin-Round Rock, TX",26406,Cole,2009/9/1,LU,TRUE,2010/2/1,5,1693,1962,269,0.15888954518606035,FALSE,0.596,0.06220000000000001,0,0,0.1402084162951711,111.24387623595287,6
"Austin-Round Rock, TX",26436,Ashton Austin,2009/9/1,LU,TRUE,2010/10/1,13,2959,2795,-164,-0.05542413,TRUE,0.509,0.03207692307692308,0,1,0.14463567340728228,166.33339022366104,14
"Austin-Round Rock, TX",34006,The Asten at Ribelin Ranch,2009/9/1,LU,TRUE,2010/6/1,9,954,934,-20,-0.020964361,TRUE,0.52,0.044444444444444446,0,1,0.11500246374172453,54.5312346784442,10
"Austin-Round Rock, TX",41406,Crest at Round Rock,2009/9/1,LU,TRUE,2010/9/1,12,874,770,-104,-0.118993135,TRUE,0.627,0.023583333333333335,0,1,0.09297442438511566,39.30045344554744,13
"Austin-Round Rock, TX",65404,The Fairways at Star Ranch,2009/11/1,UC/LU,TRUE,2010/11/1,12,877,980,103,0.11744583808437858,FALSE,0.083,0.06925,6,0,0.27960104361347365,66.7409842177876,13
"Austin-Round Rock, TX",19639,Pressler,2009/12/1,UC/LU,TRUE,2010/3/1,3,1720,1565,-155,-0.090116279,TRUE,0.761,0.05766666666666668,0,1,0.08393251257210564,66.61581393833349,4
"Austin-Round Rock, TX",26336,Villages at Turtle Rock,2009/12/1,LU,TRUE,2010/8/1,8,862,802,-60,-0.069605568,TRUE,0.427,0.061750000000000006,5,1,0.16413519156814335,18.735735314574065,9
"Austin-Round Rock, TX",26420,Bell Hill Country,2009/12/1,LU,TRUE,2010/5/1,5,973,954,-19,-0.019527235,TRUE,0.648,0.054400000000000004,0,0,0.09893920692357842,22.518140835039347,6
"Austin-Round Rock, TX",26425,Post West Austin,2009/12/1,LU,TRUE,2010/7/1,7,1191,1138,-53,-0.04450042,TRUE,0.343,0.08514285714285712,3,1,0.21924020584086043,27.690895873657002,8
"Austin-Round Rock, TX",33925,Legends Lakeline,2010/2/1,UC/LU,TRUE,2011/3/1,13,990,1037,47,0.04747474747474745,FALSE,0.049,0.06615384615384616,6,1,0.30894475661089094,18.587630295441105,14
"Austin-Round Rock, TX",23047,Villages At The Domain,2010/3/1,LU,TRUE,2010/9/1,6,1183,1120,-63,-0.053254438,TRUE,0.335,0.09566666666666668,2,1,0.23939139102156137,72.52290278644001,7
"Austin-Round Rock, TX",34164,Fox Hill,2010/3/1,UC/LU,TRUE,2011/5/1,14,982,1038,56,0.05702647657841142,FALSE,0.37,0.04078571428571428,7,1,0.2389606861469257,55.84732589411788,15
"Austin-Round Rock, TX",41412,La Frontera Square,2010/3/1,LU,TRUE,2010/9/1,6,786,917,131,0.16666666666666674,FALSE,0.645,0.04933333333333332,0,1,0.11145530814764143,51.41335753803026,7
"Austin-Round Rock, TX",34038,AMLI South Shore,2010/4/1,UC/LU,TRUE,2011/11/1,19,1266,1504,238,0.18799368088467605,FALSE,0.029,0.04689473684210527,8,1,0.29002615127097187,76.03261073208549,20
"Austin-Round Rock, TX",34139,AMLI 5350,2010/4/1,UC/LU,TRUE,2010/9/1,5,1330,1345,15,0.011278195488721776,FALSE,0.508,0.07880000000000001,0,1,0.2710309330439363,106.61847869858208,6
"Austin-Round Rock, TX",33780,Oxford at Tech Ridge,2010/7/1,UC/LU,TRUE,2010/12/1,5,787,870,83,0.10546378653113098,FALSE,0.218,0.1446,2,0,0.25780257304120663,27.16431482662502,6
"Austin-Round Rock, TX",34304,Vista at Plum Creek,2010/9/1,UC/LU,TRUE,2011/1/1,4,789,816,27,0.034220532319391594,FALSE,0.7,0.05500000000000002,0,0,0.08391066678319274,33.402095742632675,5
"Austin-Round Rock, TX",43125,Bell Quarry Hill,2010/9/1,UC/LU,TRUE,2011/2/1,5,1108,1143,35,0.03158844765342961,FALSE,0.06,0.1704,1,0,0.2844738417968631,16.55294535724685,6
"Austin-Round Rock, TX",58950,Marquis at Star Ranch,2010/9/1,UC/LU,TRUE,2011/5/1,8,973,1158,185,0.19013360739979435,FALSE,0.572,0.046875,0,0,0.10586311916810312,55.399558762783585,9
"Austin-Round Rock, TX",45204,Blanco River Lodge,2011/5/1,UC/LU,TRUE,2011/11/1,6,917,923,6,0.0065430752453652374,FALSE,0.145,0.1425,5,0,0.3128348111186142,3.078342163598854,7
"Austin-Round Rock, TX",34301,The Settlement,2011/10/1,UC/LU,TRUE,2012/8/1,10,794,833,39,0.049118387909319994,FALSE,0.03,0.09490000000000001,7,0,0.34672635267075336,34.307433596816885,11
"Austin-Round Rock, TX",35687,Bell Austin Southwest,2012/2/1,UC/LU,TRUE,2012/10/1,8,1167,1207,40,0.03427592116538136,FALSE,0.066,0.109375,4,0,0.33210879241597924,23.60143592618419,9
"Austin-Round Rock, TX",45203,Sync at Purgatory Creek,2012/2/1,LU,TRUE,2012/11/1,9,1144,1242,98,0.08566433566433562,FALSE,0.585,0.03711111111111112,0,0,0.1432899546762128,29.04785323871246,10
"Austin-Round Rock, TX",42127,Promesa,2012/4/1,UC/LU,TRUE,2013/5/1,13,1236,1237,1,0.0008090614886731018,FALSE,0.129,0.0606923076923077,7,1,0.2933056763518561,42.91263806263262,14
"Austin-Round Rock, TX",35677,District at SoCo,2012/8/1,UC/LU,TRUE,2013/10/1,14,1819,1698,-121,-0.066520066,TRUE,0.158,0.055142857142857146,8,0,0.23512515410997203,55.20671111722697,15
"Austin-Round Rock, TX",36477,Lotus Village,2012/8/1,UC/LU,TRUE,2013/6/1,10,986,998,12,0.012170385395537497,FALSE,0.081,0.08869999999999999,6,0,0.3096559380990457,30.513484351557217,11
"Austin-Round Rock, TX",34037,Colonial Grand at Double Creek,2012/9/1,UC/LU,TRUE,2013/7/1,10,1071,1154,83,0.0774976657329598,FALSE,0.101,0.0838,5,0,0.28439166334795785,42.687873517599186,11
"Austin-Round Rock, TX",34865,Post South Lamar I,2012/9/1,UC/LU,TRUE,2013/7/1,10,1638,1791,153,0.0934065934065933,FALSE,0.026,0.0928,6,0,0.3407101674177308,67.04326961000635,11
"Austin-Round Rock, TX",37339,Oaks at Tech Ridge,2012/10/1,UC/LU,TRUE,2013/4/1,6,823,903,80,0.09720534629404609,FALSE,0.244,0.1125,2,0,0.2449168955263922,28.53068523537421,7
"Austin-Round Rock, TX",36480,Ladera,2012/11/1,UC/LU,TRUE,2013/8/1,9,1026,1190,164,0.1598440545808968,FALSE,0.012,0.104,6,0,0.3357883096370225,61.763437584239284,10
"Austin-Round Rock, TX",37576,Century Stone Hill,2012/11/1,UC/LU,TRUE,2013/11/1,12,1118,1211,93,0.0831842576028623,FALSE,0.032,0.07366666666666667,8,0,0.3067861319701899,40.88774501372865,13
"Austin-Round Rock, TX",35681,Two Rivers,2013/1/1,UC/LU,TRUE,2013/8/1,7,1290,1298,8,0.006201550387596955,FALSE,0.016,0.1357142857142857,6,0,0.32224123062433474,2.8284271247461903,8
"Austin-Round Rock, TX",37334,Ten Oaks,2013/1/1,UC/LU,TRUE,2013/7/1,6,1038,1110,72,0.06936416184971095,FALSE,0.052,0.1475,5,0,0.3175430979373021,34.306739584990886,7
"Austin-Round Rock, TX",44404,The Allure,2013/2/1,UC/LU,TRUE,2014/3/1,13,1329,1268,-61,-0.045899172,TRUE,0.029,0.06938461538461539,7,0,0.3440315679995366,48.39517958013387,14
"Austin-Round Rock, TX",38748,Silverado Crossing,2013/3/1,UC/LU,TRUE,2014/1/1,10,954,982,28,0.029350104821803003,FALSE,0.06,0.084,6,0,0.3309639914497703,10.261135857735686,11
"Austin-Round Rock, TX",35678,Midtown Commons at Crestview Station II,2013/4/1,UC/LU,TRUE,2014/8/1,16,1310,1360,50,0.03816793893129766,FALSE,0,0.059937500000000005,11,0,0.3241360122105606,38.01499317219921,17
"Austin-Round Rock, TX",37782,Whitley Apartments,2013/4/1,UC/LU,TRUE,2014/2/1,10,2560,2618,58,0.022656250000000044,FALSE,0.1,0.0829,5,0,0.26563549872300235,26.92582403567252,11
"Austin-Round Rock, TX",38377,Indigo,2013/4/1,UC/LU,TRUE,2014/3/1,11,1040,1097,57,0.054807692307692335,FALSE,0.006,0.08309090909090909,5,0,0.30630687474353485,16.45010822475222,12
"Austin-Round Rock, TX",42323,The Landing Double Creek,2013/4/1,UC/LU,TRUE,2014/2/1,10,1030,1078,48,0.046601941747572706,FALSE,0.119,0.0782,3,0,0.2913657495314094,14.520831431241996,11
"Austin-Round Rock, TX",37329,IMT at The Domain,2013/6/1,UC/LU,TRUE,2013/10/1,4,1362,1359,-3,-0.002202643,TRUE,0.25,0.182,2,0,0.29417222846489094,1.3416407864998738,5
"Austin-Round Rock, TX",37912,RiverView,2013/7/1,LU,TRUE,2014/11/1,16,2448,1978,-470,-0.191993464,TRUE,0,0.0568125,10,0,0.265334209341839,265.784701126572,17
"Austin-Round Rock, TX",35623,Tree Apartments,2013/8/1,UC/LU,TRUE,2014/11/1,15,1443,1525,82,0.05682605682605679,FALSE,0,0.06106666666666668,9,0,0.3304598752748459,58.86279951435088,16
"Austin-Round Rock, TX",35835,South Shore District I,2013/8/1,UC/LU,TRUE,2015/8/1,24,1658,1714,56,0.033775633293124274,FALSE,0,0.037625,8,1,0.3100889818530589,51.884904676922496,25
"Austin-Round Rock, TX",37301,95 Twenty,2013/8/1,UC/LU,TRUE,2014/9/1,13,1068,1121,53,0.04962546816479407,FALSE,0.053,0.06869230769230769,8,0,0.2803858409053848,27.69813735951956,14
"Austin-Round Rock, TX",80662,Cielo,2013/8/1,UC/LU,TRUE,2016/3/1,31,1537,1369,-168,-0.109303839,TRUE,0,0.029741935483870968,10,1,0.2657962607294202,74.65617425798558,32
"Austin-Round Rock, TX",38376,Lakeline East,2013/9/1,UC/LU,TRUE,2014/8/1,11,1065,1091,26,0.024413145539906145,FALSE,0.048,0.08281818181818182,5,0,0.3090141092199023,15.611767123784313,12
"Austin-Round Rock, TX",47606,Bexley at Tech Ridge,2013/9/1,UC/LU,TRUE,2014/6/1,9,975,1141,166,0.17025641025641036,FALSE,0.374,0.060444444444444446,2,0,0.16791151770434862,53.81872866907537,10
"Austin-Round Rock, TX",36483,Gibson Flats,2013/10/1,UC/LU,TRUE,2014/10/1,12,1724,1882,158,0.09164733178654294,FALSE,0.031,0.07808333333333332,7,0,0.3205121902557906,73.28203333871414,13
"Austin-Round Rock, TX",37272,Eleven,2013/10/1,UC/LU,TRUE,2014/10/1,12,1669,1847,178,0.10665068903535047,FALSE,0,0.07683333333333334,7,0,0.31702719692440207,54.36521795299752,13
"Austin-Round Rock, TX",42760,The Monterra Apartments,2013/10/1,UC/LU,TRUE,2014/7/1,9,1082,1158,76,0.07024029574861368,FALSE,0.019,0.10855555555555556,6,0,0.3430339957237799,23.507918287722166,10
"Austin-Round Rock, TX",44462,IMT Southpark North,2013/10/1,UC/LU,TRUE,2014/8/1,10,1121,1170,49,0.043710972346119537,FALSE,0.038,0.09129999999999999,6,0,0.29920689102419357,27.840128003885457,11
"Austin-Round Rock, TX",42567,The 704,2013/11/1,UC/LU,TRUE,2015/6/1,19,1612,1461,-151,-0.093672457,TRUE,0,0.047578947368421054,10,1,0.34892847630846546,59.59731096017848,20
"Austin-Round Rock, TX",34862,Marquis on Lakeline,2013/12/1,UC/LU,TRUE,2014/11/1,11,922,1060,138,0.14967462039045554,FALSE,0.019,0.08272727272727273,8,0,0.3030296890145294,50.11705993940284,12
"Austin-Round Rock, TX",34863,Sync at Mueller,2013/12/1,UC/LU,TRUE,2015/5/1,17,1752,1798,46,0.026255707762557146,FALSE,0.04,0.051,7,1,0.3203958591117365,91.61870402982447,18
"Austin-Round Rock, TX",41329,Skyhouse Austin,2013/12/1,UC/LU,TRUE,2015/5/1,17,1988,2104,116,0.05835010060362178,FALSE,0.04,0.05076470588235295,8,0,0.27772778439007906,108.30906213783071,18
"Austin-Round Rock, TX",37791,Gables Park Tower,2014/1/1,UC/LU,TRUE,2014/11/1,10,2802,2730,-72,-0.025695931,TRUE,0.121,0.078,6,0,0.28031618511310336,156.44197297749383,11
"Austin-Round Rock, TX",43630,Sabina Apartments,2014/1/1,LU,TRUE,2015/8/1,19,1717,1648,-69,-0.040186372,TRUE,0.003,0.04978947368421052,7,0,0.3243928904406215,80.94253972320182,20
"Austin-Round Rock, TX",42660,Muir Lake,2014/2/1,UC/LU,TRUE,2014/12/1,10,1309,1311,2,0.0015278838808250317,FALSE,0.015,0.0933,6,0,0.3377201100427286,12.353873150481261,11
"Austin-Round Rock, TX",43844,Ethos Apartments,2014/2/1,UC/LU,TRUE,2015/4/1,14,1231,1138,-93,-0.075548335,TRUE,0.262,0.046142857142857145,7,0,0.25718822086631604,59.245092221895916,15
"Austin-Round Rock, TX",44456,Kenzie at the Domain,2014/2/1,UC/LU,TRUE,2015/1/1,11,1433,1534,101,0.07048150732728531,FALSE,0,0.08763636363636364,6,0,0.3606705875550053,43.14975683768699,12
"Austin-Round Rock, TX",42296,Elan East,2014/3/1,UC/LU,TRUE,2015/2/1,11,1181,1387,206,0.17442845046570699,FALSE,0.039,0.08409090909090909,6,1,0.34427407158198303,67.20569961399153,12
"Austin-Round Rock, TX",49698,Cordevalle Apartments,2014/3/1,UC/LU,TRUE,2015/6/1,15,945,1116,171,0.18095238095238098,FALSE,0,0.06333333333333332,7,0,0.2926176045626783,45.87228647742193,16
"Austin-Round Rock, TX",52209,Bell at Four Points,2014/3/1,UC/LU,TRUE,2016/3/1,24,1382,1405,23,0.01664254703328516,FALSE,0.146,0.03141666666666667,8,1,0.26087447172922074,59.18000788554639,25
"Austin-Round Rock, TX",42066,South Shore District II,2014/5/1,UC/LU,TRUE,2015/9/1,16,1864,2060,196,0.1051502145922747,FALSE,0.018,0.0555625,9,0,0.2938625253813923,108.25361697530154,17
"Austin-Round Rock, TX",45066,Burnet Flats,2014/5/1,UC/LU,TRUE,2015/2/1,9,1452,1436,-16,-0.011019284,TRUE,0.054,0.10266666666666666,5,0,0.3264312246774877,59.09399292652342,10
"Austin-Round Rock, TX",53652,Waller Creekside on 51st,2014/5/1,UC/LU,TRUE,2015/1/1,8,1375,1248,-127,-0.092363636,TRUE,0.014,0.1115,4,0,0.3505647031734814,70.51083447086538,9
"Austin-Round Rock, TX",34951,Camden Lamar Heights,2014/7/1,UC/LU,TRUE,2015/6/1,11,1548,1572,24,0.015503875968992276,FALSE,0.024,0.08581818181818181,7,0,0.3050689936868231,68.94019147057833,12
"Austin-Round Rock, TX",53642,Lone Oak,2014/7/1,UC/LU,TRUE,2015/7/1,12,1092,1236,144,0.13186813186813184,FALSE,0.059,0.07066666666666667,6,0,0.2824740060652734,47.811864207269295,13
"Austin-Round Rock, TX",66015,Parkway Grande,2014/7/1,LU,TRUE,2014/11/1,4,839,1033,194,0.23122765196662698,FALSE,0.593,0.09525,0,0,0.14541939347968688,76.68572226953333,5
"Austin-Round Rock, TX",38849,Estates at Bee Cave,2014/8/1,UC/LU,TRUE,2017/8/1,36,1381,1384,3,0.0021723388848660097,FALSE,0,0.02636111111111111,11,1,0.28284286907855494,41.811442174322295,37
"Austin-Round Rock, TX",50271,South Shore District III,2014/8/1,UC/LU,TRUE,2015/8/1,12,1648,1635,-13,-0.00788835,TRUE,0,0.07533333333333334,4,0,0.2590339795550046,39.911279814236174,13
"Austin-Round Rock, TX",41571,Coldwater,2014/9/1,UC/LU,TRUE,2015/8/1,11,2217,2248,31,0.013982859720342855,FALSE,0.017,0.08854545454545454,7,0,0.33082572313970554,126.36128458679202,12
"Austin-Round Rock, TX",36484,Lamar Union,2014/10/1,UC/LU,TRUE,2017/1/1,27,1789,1809,20,0.011179429849077716,FALSE,0,0.03351851851851852,18,0,0.29515798836426244,69.50485309080658,28
"Austin-Round Rock, TX",41311,Windsor South Lamar,2014/11/1,UC/LU,TRUE,2016/5/1,18,2087,1933,-154,-0.073790129,TRUE,0.029,0.04861111111111111,8,1,0.31147810225942774,59.70752301086996,19
"Austin-Round Rock, TX",47574,Bexley at Whitestone,2014/11/1,UC/LU,TRUE,2016/2/1,15,1174,1173,-1,-0.000851789,TRUE,0.014,0.0596,7,1,0.3378249485063726,41.912160128853614,16
"Austin-Round Rock, TX",37407,Bell South Lamar,2014/12/1,UC/LU,TRUE,2017/7/1,31,1573,1659,86,0.05467260012714559,FALSE,0,0.02941935483870968,7,1,0.284898510509133,102.12018042483082,32
"Austin-Round Rock, TX",37409,Corazon,2014/12/1,UC/LU,TRUE,2016/7/1,19,1495,1351,-144,-0.09632107,TRUE,0.046,0.045052631578947365,7,1,0.2939076967527838,57.80755277552179,20
"Austin-Round Rock, TX",44001,Echo,2014/12/1,UC/LU,TRUE,2015/8/1,8,1455,1723,268,0.18419243986254297,FALSE,0.401,0.066125,2,0,0.17518347524809527,103.76188017657437,9
"Austin-Round Rock, TX",44494,Ascent Arboretum,2014/12/1,UC/LU,TRUE,2016/10/1,22,1419,1385,-34,-0.023960536,TRUE,0,0.04118181818181818,9,0,0.317736715777953,31.758475884617543,23
"Austin-Round Rock, TX",53648,Marquis Soco,2014/12/1,LU,TRUE,2015/7/1,7,1256,1303,47,0.03742038216560517,FALSE,0.328,0.08571428571428573,2,0,0.20593753387166425,36.51785277680728,8
"Austin-Round Rock, TX",42336,The Catherine,2015/1/1,UC/LU,TRUE,2016/5/1,16,2399,2805,406,0.1692371821592331,FALSE,0.05,0.053125000000000006,8,0,0.3093210425317702,123.17150883315222,17
"Austin-Round Rock, TX",53330,Landmark Conservancy,2015/2/1,UC/LU,TRUE,2015/10/1,8,1161,1250,89,0.07665805340223941,FALSE,0.108,0.10312500000000001,4,0,0.2889074726928637,24.796393106883734,9
"Austin-Round Rock, TX",37790,The Bowie,2015/3/1,UC/LU,TRUE,2017/3/1,24,3204,3062,-142,-0.0443196,TRUE,0.103,0.03329166666666667,6,1,0.2519789144617727,144.8971129226988,25
"Austin-Round Rock, TX",38381,Bell Steiner Ranch,2015/3/1,UC/LU,TRUE,2016/5/1,14,1402,1455,53,0.03780313837375182,FALSE,0,0.06457142857142857,8,0,0.31388892484899356,36.846787027985414,15
"Austin-Round Rock, TX",38382,The Addison at Kramer Station,2015/3/1,UC/LU,TRUE,2017/1/1,22,1404,1655,251,0.17877492877492873,FALSE,0.012,0.04077272727272727,8,0,0.28609723602037473,59.34247757103485,23
"Austin-Round Rock, TX",42292,The M at Lakeline,2015/3/1,UC/LU,TRUE,2015/10/1,7,1526,1768,242,0.15858453473132372,FALSE,0.189,0.1127142857142857,3,0,0.27638521254634035,80.55831960227856,8
"Austin-Round Rock, TX",43357,Camden La Frontera,2015/3/1,LU,TRUE,2015/5/1,2,1115,1265,150,0.13452914798206272,FALSE,0.75,0.09799999999999998,0,0,0.09854947995803932,79.95623803056269,3
"Austin-Round Rock, TX",52347,Villas at Spring Trails I,2015/3/1,UC/LU,TRUE,2016/3/1,12,1103,1176,73,0.06618313689936528,FALSE,0.044,0.07408333333333333,5,0,0.3377273213551779,27.395723042578034,13
"Austin-Round Rock, TX",36130,Seven,2015/4/1,UC/LU,TRUE,2015/11/1,7,2682,2343,-339,-0.12639821,TRUE,0.077,0.12014285714285715,4,0,0.2959150457237926,136.33460675851896,8
"Austin-Round Rock, TX",38303,AMLI at Mueller,2015/4/1,UC/LU,TRUE,2016/1/1,9,1529,1671,142,0.09287115761935905,FALSE,0.003,0.10311111111111111,4,0,0.33862048569649966,77.84064919222261,10
"Austin-Round Rock, TX",55211,The Summit at Rivery Park I,2015/4/1,UC/LU,TRUE,2016/6/1,14,1113,1146,33,0.029649595687331498,FALSE,0.03,0.06264285714285714,6,0,0.3031372783473018,36.04203894660472,15
"Austin-Round Rock, TX",53304,Parallax @ Georgetown,2015/5/1,UC/LU,TRUE,2016/5/1,12,991,1112,121,0.12209889001009078,FALSE,0.1,0.06833333333333334,4,0,0.26258114740848965,41.49467064946645,13
"Austin-Round Rock, TX",44496,James on South First,2015/6/1,UC/LU,TRUE,2016/10/1,16,1232,1238,6,0.004870129870129913,FALSE,0,0.05675000000000001,9,0,0.2969414677914111,57.65796715520404,17
"Austin-Round Rock, TX",52374,Broadstone 8 One Hundred,2015/6/1,UC/LU,TRUE,2016/7/1,13,1120,1209,89,0.07946428571428577,FALSE,0.013,0.07284615384615384,6,0,0.3156856831556517,34.11623634602126,14
"Austin-Round Rock, TX",53644,Anatole at Westinghouse,2015/6/1,LU,TRUE,2016/2/1,8,1109,1049,-60,-0.054102795,TRUE,0.42,0.064,1,0,0.1646099767463821,28.64000698323937,9
"Austin-Round Rock, TX",45569,Belterra Springs,2015/7/1,UC/LU,TRUE,2016/7/1,12,1407,1366,-41,-0.029140014,TRUE,0,0.07783333333333334,7,1,0.28738603092222625,73.35119246404544,13
"Austin-Round Rock, TX",42731,Bexley Lakeline,2015/8/1,UC/LU,TRUE,2016/7/1,11,1188,1222,34,0.028619528619528545,FALSE,0.046,0.08118181818181819,7,0,0.29721219845270636,13.718766178288245,12
"Austin-Round Rock, TX",53901,7East,2015/8/1,UC/LU,TRUE,2016/9/1,13,1655,1741,86,0.05196374622356492,FALSE,0.006,0.07184615384615384,9,0,0.3099887980960843,56.896908894580925,14
"Austin-Round Rock, TX",57105,Aura 33Hundred,2015/8/1,UC/LU,TRUE,2016/6/1,10,1211,1184,-27,-0.022295623,TRUE,0.413,0.04970000000000001,1,1,0.15567944921887059,52.11194244560978,11
"Austin-Round Rock, TX",59808,Gallery at Domain,2015/8/1,UC/LU,TRUE,2015/12/1,4,1354,1476,122,0.09010339734121131,FALSE,0.534,0.10299999999999998,0,0,0.15612238788847674,48.08534080153743,5
"Austin-Round Rock, TX",44461,Cortland Onion Creek,2015/10/1,UC/LU,TRUE,2016/9/1,11,1238,1138,-100,-0.080775444,TRUE,0.112,0.07709090909090908,6,0,0.2859393875165388,35.76438045165761,12
"Austin-Round Rock, TX",52711,Azul Lakeshore,2015/10/1,UC/LU,TRUE,2017/5/1,19,1623,1628,5,0.0030807147258162804,FALSE,0,0.04763157894736842,9,1,0.32554011394830235,63.82616193512204,20
"Austin-Round Rock, TX",65698,West Koenig Flats,2015/10/1,UC/LU,TRUE,2016/8/1,10,1610,1775,165,0.10248447204968936,FALSE,0.028,0.0872,8,0,0.28712091212905094,72.54703803238783,11
"Austin-Round Rock, TX",60618,AMLI Covered Bridge,2015/11/1,UC/LU,TRUE,2017/3/1,16,1449,1370,-79,-0.054520359,TRUE,0.013,0.056125,9,1,0.30720397037109515,76.44153859996155,17
"Austin-Round Rock, TX",45127,Bexley 3Five,2015/12/1,UC/LU,TRUE,2017/1/1,13,1293,1243,-50,-0.03866976,TRUE,0,0.07007692307692308,8,0,0.3485227616449396,42.51282934998163,14
"Austin-Round Rock, TX",52258,HighLine,2015/12/1,UC/LU,TRUE,2016/7/1,7,1244,1289,45,0.0361736334405145,FALSE,0.164,0.11657142857142858,4,0,0.2897841561280691,29.320884804423716,8
"Austin-Round Rock, TX",56313,Eastside Station,2015/12/1,UC/LU,TRUE,2018/5/1,29,1792,1699,-93,-0.051897321,TRUE,0.003,0.03196551724137931,20,1,0.3018898729707554,109.3534867183999,30
"Austin-Round Rock, TX",44464,IMT Southpark South,2016/1/1,UC/LU,TRUE,2017/6/1,17,1208,1256,48,0.039735099337748325,FALSE,0.222,0.04176470588235295,6,1,0.18359649561637711,67.89775088442472,18
"Austin-Round Rock, TX",69751,The Green at Plum Creek,2016/2/1,LU,TRUE,2016/7/1,5,1235,1209,-26,-0.021052632,TRUE,0.742,0.03939999999999999,0,1,0.06966778308515348,43.288181604990825,6
"Austin-Round Rock, TX",44692,Sur512,2016/3/1,UC/LU,TRUE,2017/9/1,18,1479,1576,97,0.06558485463150787,FALSE,0.034,0.05033333333333333,9,0,0.2749507664593939,58.856203000014766,19
"Austin-Round Rock, TX",42276,Northshore Austin I,2016/4/1,UC/LU,TRUE,2017/8/1,16,3388,3724,336,0.09917355371900816,FALSE,0.032,0.0573125,6,0,0.2683263076050151,187.58964523661749,17
"Austin-Round Rock, TX",48136,422 At The Lake,2016/4/1,UC/LU,TRUE,2017/7/1,15,2014,2100,86,0.04270109235352537,FALSE,0.029,0.0592,6,0,0.3193518174886959,104.2193000360298,16
"Austin-Round Rock, TX",58357,Marq Uptown,2016/4/1,UC/LU,TRUE,2017/3/1,11,1825,1742,-83,-0.045479452,TRUE,0.011,0.08090909090909092,5,0,0.3328540038497177,87.60915269744159,12
"Austin-Round Rock, TX",65886,The Corner,2016/4/1,UC/LU,TRUE,2016/9/1,5,3158,3046,-112,-0.035465484,TRUE,0,0.1966,4,0,0.41224770062022986,45.723808531952656,6
"Austin-Round Rock, TX",66304,The Standard at Leander Station,2016/4/1,UC/LU,TRUE,2017/3/1,11,1086,1077,-9,-0.008287293,TRUE,0.026,0.08127272727272727,4,0,0.32292764692964143,33.826092671997245,12
"Austin-Round Rock, TX",57279,Lantower Tech Ridge,2016/5/1,UC/LU,TRUE,2017/9/1,16,1039,1089,50,0.04812319538017329,FALSE,0,0.059,5,1,0.3222592580699036,22.138600837876446,17
"Austin-Round Rock, TX",49990,Camden Rainey,2016/6/1,UC/LU,TRUE,2017/9/1,15,2140,2325,185,0.08644859813084116,FALSE,0.022,0.05853333333333333,8,1,0.2681733270355822,131.51064595689581,16
"Austin-Round Rock, TX",56174,The Arnold,2016/6/1,UC/LU,TRUE,2018/6/1,24,2058,1690,-368,-0.178814383,TRUE,0,0.037875,12,1,0.3224883098656446,102.93970727242882,25
"Austin-Round Rock, TX",51760,Marq on Burnet,2016/7/1,LU,TRUE,2017/11/1,16,1522,1516,-6,-0.003942181,TRUE,0.318,0.037125000000000005,2,0,0.1733490401066079,60.54391940129569,17
"Austin-Round Rock, TX",66090,Concord,2016/7/1,UC/LU,TRUE,2019/10/1,39,1344,1268,-76,-0.056547619,TRUE,0.3,0.01653846153846154,13,1,0.2501732105090596,87.47224834637115,40
"Austin-Round Rock, TX",71730,Hays Junction I,2016/7/1,UC/LU,TRUE,2017/6/1,11,1009,964,-45,-0.044598612,TRUE,0.111,0.07245454545454545,4,1,0.2478377248902755,31.44246790375698,12
"Austin-Round Rock, TX",71772,The Standard at Domain North Side,2016/7/1,UC/LU,TRUE,2016/12/1,5,1405,1561,156,0.1110320284697508,FALSE,0.429,0.10140000000000002,1,0,0.20058057400123938,64.16437225335153,6
"Austin-Round Rock, TX",50902,Berkshire Lakeway,2016/8/1,UC/LU,TRUE,2017/8/1,12,1582,1615,33,0.020859671302149163,FALSE,0.351,0.05216666666666667,3,0,0.19706506799948342,87.04272455200318,13
"Austin-Round Rock, TX",56838,The Santal I,2016/8/1,LU,TRUE,2017/3/1,7,1684,1704,20,0.01187648456057011,FALSE,0.135,0.112,4,0,0.27399882690051275,91.59655327264542,8
"Austin-Round Rock, TX",59700,Pearl Lantana,2016/8/1,UC/LU,TRUE,2018/1/1,17,1420,1305,-115,-0.080985915,TRUE,0.018,0.05270588235294118,3,1,0.2730409303990935,61.3830787183339,18
"Austin-Round Rock, TX",71727,Provenza At Plum Creek,2016/8/1,UC/LU,TRUE,2016/9/1,1,1048,1048,0,0,FALSE,0.722,0.266,0,0,0.18809040379562167,0,2
"Austin-Round Rock, TX",71824,The View at Cedar Park,2016/8/1,UC/LU,TRUE,2018/7/1,23,1205,1277,72,0.05975103734439835,FALSE,0.042,0.03952173913043478,10,1,0.3150491565049695,71.92265118600112,24
"Austin-Round Rock, TX",42348,Park at Crystal Falls I,2016/9/1,UC/LU,TRUE,2018/4/1,19,1344,1079,-265,-0.197172619,TRUE,0.024,0.04657894736842106,7,1,0.2975417706191148,92.44862015422973,20
"Austin-Round Rock, TX",46261,Altis Lakeline,2016/9/1,UC/LU,TRUE,2018/5/1,20,1358,1287,-71,-0.052282769,TRUE,0.291,0.03245,7,1,0.20552484498172455,68.75778743773925,21
"Austin-Round Rock, TX",55187,Ocotillo,2016/9/1,UC/LU,TRUE,2017/12/1,15,1266,1313,47,0.03712480252764605,FALSE,0.013,0.05926666666666667,9,0,0.31702286326593754,40.43740018019622,16
"Austin-Round Rock, TX",66282,The Michael at Presidio,2016/9/1,UC/LU,TRUE,2018/6/1,21,1326,1405,79,0.05957767722473606,FALSE,0.05,0.040523809523809524,9,0,0.30154894500522833,53.05131061945179,22
"Austin-Round Rock, TX",71761,Oaks of Kyle,2016/9/1,UC/LU,TRUE,2017/6/1,9,1113,1159,46,0.041329739442947044,FALSE,0.251,0.07388888888888889,3,0,0.2289797662094477,29.374213937473193,10
"Austin-Round Rock, TX",66166,Creekside at Kenney`s Fort,2016/10/1,UC/LU,TRUE,2016/11/1,1,1109,1109,0,0,FALSE,0.492,0.5,1,0,0.3535533905932738,0,2
"Austin-Round Rock, TX",51952,Water Marq,2016/11/1,UC/LU,TRUE,2017/10/1,11,2788,2699,-89,-0.031922525,TRUE,0.049,0.07745454545454546,7,0,0.293612246875282,101.92283920454312,12
"Austin-Round Rock, TX",71006,Platform,2016/11/1,UC/LU,TRUE,2018/1/1,14,1533,1630,97,0.06327462491846059,FALSE,0.022,0.06421428571428571,9,0,0.3478944147432146,46.427824169810684,15
"Austin-Round Rock, TX",71766,Southpark Crossing,2016/11/1,UC/LU,TRUE,2017/10/1,11,1149,1102,-47,-0.040905135,TRUE,0.032,0.07972727272727273,7,0,0.3078500594297638,16.997994534115435,12
"Austin-Round Rock, TX",54780,Thornton Flats,2016/12/1,UC/LU,TRUE,2018/5/1,17,1442,1494,52,0.03606102635228847,FALSE,0.163,0.044705882352941186,6,1,0.22910670516800938,94.84340378661062,18
"Austin-Round Rock, TX",53307,Arrington Ridge,2017/1/1,UC/LU,TRUE,2018/6/1,17,1066,1143,77,0.07223264540337704,FALSE,0.141,0.04523529411764706,6,1,0.24480079269596974,30.447426026414565,18
"Austin-Round Rock, TX",71860,Century Travesia,2017/2/1,UC/LU,TRUE,2019/7/1,29,1412,1437,25,0.01770538243626052,FALSE,0.031,0.03093103448275862,15,0,0.2715265571990479,58.79674711465225,30
"Austin-Round Rock, TX",71889,Windsor Republic Place,2017/2/1,UC/LU,TRUE,2018/6/1,16,1354,1385,31,0.022895125553914264,FALSE,0.013,0.0554375,6,1,0.3382352883631713,32.431715595549186,17
"Austin-Round Rock, TX",77756,The Highlands,2017/2/1,UC/LU,TRUE,2018/1/1,11,1168,1088,-80,-0.068493151,TRUE,0.037,0.08627272727272726,5,0,0.34153951810038385,36.29456508274282,12
"Austin-Round Rock, TX",82555,Windsor Lantana Hills,2017/2/1,UC/LU,TRUE,2018/3/1,13,1254,1534,280,0.2232854864433811,FALSE,0.03,0.06692307692307692,6,0,0.3192668197570837,64.80113280789784,14
"Austin-Round Rock, TX",88543,The Heights on Parmer,2017/2/1,UC/LU,TRUE,2017/7/1,5,888,931,43,0.04842342342342332,FALSE,0.727,0.0482,0,1,0.1426755059566988,16.09244128983128,6
"Austin-Round Rock, TX",52348,The Emerson,2017/3/1,UC/LU,TRUE,2018/8/1,17,1222,1254,32,0.026186579378068675,FALSE,0.005,0.053764705882352944,10,0,0.2943017658998408,26.289800204095158,18
"Austin-Round Rock, TX",64183,Radius on Grove,2017/4/1,UC/LU,TRUE,2018/7/1,15,1316,1672,356,0.27051671732522786,FALSE,0.025,0.06113333333333333,7,0,0.2855351627499959,111.9008489690762,16
"Austin-Round Rock, TX",65660,Tacara at Steiner Ranch,2017/4/1,UC/LU,TRUE,2018/5/1,13,1481,1449,-32,-0.021607022,TRUE,0.061,0.06592307692307692,6,0,0.29292148180953637,73.8915153719021,14
"Austin-Round Rock, TX",66159,Griffis at Riata,2017/4/1,UC/LU,TRUE,2018/5/1,13,1491,1413,-78,-0.052313883,TRUE,0.071,0.0656923076923077,5,0,0.2591339761251264,41.91907431240331,14
"Austin-Round Rock, TX",71821,Urban North,2017/4/1,UC/LU,TRUE,2018/7/1,15,1311,1252,-59,-0.045003814,TRUE,0.027,0.05926666666666667,8,0,0.28544582089543136,81.14267270267435,16
"Austin-Round Rock, TX",76059,Springs at Round Rock,2017/5/1,UC/LU,TRUE,2018/8/1,15,1208,1101,-107,-0.088576159,TRUE,0.034,0.0582,7,0,0.3014308585729072,76.84570580064965,16
"Austin-Round Rock, TX",79577,Woodcreek Apartments,2017/5/1,UC/LU,TRUE,2018/1/1,8,1177,1207,30,0.02548853016142738,FALSE,0.097,0.100625,4,0,0.2794720220542857,17.039985654662715,9
"Austin-Round Rock, TX",48351,Post South Lamar II,2017/6/1,UC/LU,TRUE,2018/8/1,14,1766,1746,-20,-0.011325028,TRUE,0.019,0.06678571428571428,7,0,0.2987330070879506,74.82996598638682,15
"Austin-Round Rock, TX",58032,Bartz Ranch,2017/7/1,UC/LU,TRUE,2018/8/1,13,1322,1225,-97,-0.073373676,TRUE,0.013,0.06961538461538462,9,0,0.27471551718935605,46.73851742395142,14
"Austin-Round Rock, TX",70690,Farmhouse,2017/7/1,UC/LU,TRUE,2018/7/1,12,1203,1236,33,0.027431421446383997,FALSE,0.038,0.07200000000000001,7,0,0.23427142925269948,48.89890146110201,13
"Austin-Round Rock, TX",71736,Lakeline Crossing I,2017/7/1,UC/LU,TRUE,2018/9/1,14,1085,1130,45,0.041474654377880116,FALSE,0.079,0.05935714285714285,6,0,0.2550671620237641,44.988040738887584,15
"Austin-Round Rock, TX",76064,Springs at Lakeline,2017/7/1,UC/LU,TRUE,2019/2/1,19,1352,1093,-259,-0.191568047,TRUE,0.003,0.04763157894736842,11,0,0.3306030335454799,91.1944134946411,20
"Austin-Round Rock, TX",71887,Still Waters,2017/8/1,UC/LU,TRUE,2018/4/1,8,1108,1099,-9,-0.008122744,TRUE,0.587,0.03912500000000001,0,0,0.11413491042524097,30.718253711939926,9
"Austin-Round Rock, TX",81450,Bexley Wolf Ranch,2017/8/1,UC/LU,TRUE,2019/8/1,24,1348,1322,-26,-0.019287834,TRUE,0.024,0.037750000000000006,12,0,0.28972284457161235,41.603004699180076,25
"Austin-Round Rock, TX",86194,Groves South Lamar,2017/8/1,UC/LU,TRUE,2018/11/1,15,1637,1740,103,0.06291997556505802,FALSE,0.025,0.06013333333333334,9,0,0.32088475994765886,48.16633506229567,16
"Austin-Round Rock, TX",65626,Lenox Boardwalk,2017/9/1,UC/LU,TRUE,2018/9/1,12,1622,1710,88,0.054254007398273796,FALSE,0.096,0.06983333333333334,8,0,0.29019778843102234,92.48783703817492,13
"Austin-Round Rock, TX",86185,Lantower Ambrosio,2017/9/1,UC/LU,TRUE,2019/6/1,21,1151,1254,103,0.08948740225890539,FALSE,0.27,0.03280952380952381,6,1,0.2066369340433179,52.462148795841905,22
"Austin-Round Rock, TX",86203,Oaks on Marketplace,2017/9/1,UC/LU,TRUE,2019/3/1,18,1222,1194,-28,-0.022913257,TRUE,0.129,0.04288888888888889,7,1,0.27959769552882446,51.08117607991815,19
"Austin-Round Rock, TX",52349,Regal Parc II,2017/10/1,UC/LU,TRUE,2018/11/1,13,1267,1252,-15,-0.01183899,TRUE,0.065,0.06876923076923078,10,1,0.29887826916692983,92.9646039222326,14
"Austin-Round Rock, TX",64806,AMLI on Aldrich,2017/10/1,UC/LU,TRUE,2018/9/1,11,2074,1992,-82,-0.039537126,TRUE,0.031,0.08054545454545456,9,0,0.2995408987100092,67.6588478838481,12
"Austin-Round Rock, TX",76201,Lenox Springs I,2017/10/1,UC/LU,TRUE,2018/10/1,12,1232,1221,-11,-0.008928571,TRUE,0.017,0.07458333333333335,9,0,0.3179988509896997,24.848257432582617,13
"Austin-Round Rock, TX",76210,Sadler House,2017/10/1,UC/LU,TRUE,2019/6/1,20,1201,1140,-61,-0.050791007,TRUE,0.012,0.04835,11,0,0.34914853572655863,50.4171644997066,21
"Austin-Round Rock, TX",86196,Hays Junction II,2017/10/1,UC/LU,TRUE,2018/7/1,9,1229,1086,-143,-0.11635476,TRUE,0.509,0.04466666666666667,0,1,0.13939986449857913,82.2360423820764,10
"Austin-Round Rock, TX",59175,Elan Parkside I,2017/11/1,UC/LU,TRUE,2019/3/1,16,1523,1555,32,0.02101116217990806,FALSE,0.185,0.045,9,1,0.2497182235570135,33.54759568837368,17
"Austin-Round Rock, TX",57043,Retreat at Wolf Ranch,2017/12/1,UC/LU,TRUE,2019/9/1,21,1341,1233,-108,-0.080536913,TRUE,0,0.046,8,1,0.34208645523777004,88.49354905928581,22
"Austin-Round Rock, TX",36486,Westerly 360,2018/1/1,UC/LU,TRUE,2019/11/1,22,2000,2014,14,0.006999999999999895,FALSE,0.005,0.042090909090909095,13,1,0.3183926591105613,69.38621361852948,23
"Austin-Round Rock, TX",66089,E6,2018/1/1,UC/LU,TRUE,2019/1/1,12,1816,1807,-9,-0.004955947,TRUE,0.021,0.07666666666666665,7,0,0.35566560930321284,67.72067441771193,13
"Austin-Round Rock, TX",71817,Trillium Terrace,2018/1/1,UC/LU,TRUE,2018/8/1,7,1200,1327,127,0.10583333333333322,FALSE,0.023,0.1395714285714286,4,0,0.3406636380445003,58.81675538726795,8
"Austin-Round Rock, TX",86202,Bell Southpark,2018/1/1,UC/LU,TRUE,2019/1/1,12,1314,1395,81,0.06164383561643838,FALSE,0,0.07575,6,0,0.2905091463320288,57.98972057449227,13
"Austin-Round Rock, TX",64775,Latitude at Presidio,2018/2/1,UC/LU,TRUE,2019/12/1,22,1416,1426,10,0.007062146892655274,FALSE,0.059,0.03881818181818182,6,1,0.27048233889142176,78.88323787339934,23
"Austin-Round Rock, TX",71149,Indie,2018/2/1,UC/LU,TRUE,2018/11/1,9,1319,1411,92,0.06974981046247164,FALSE,0.598,0.03733333333333333,0,1,0.23478746890657423,46.21447584661951,10
"Austin-Round Rock, TX",86205,Enclave Falcon Pointe,2018/2/1,UC/LU,TRUE,2019/7/1,17,1153,1369,216,0.18733738074588024,FALSE,0.055,0.052647058823529415,7,0,0.2903403288142171,96.54084103076845,18
"Austin-Round Rock, TX",91009,Gallery at Domain Edge and Parkside,2018/2/1,UC/LU,TRUE,2019/1/1,11,1636,1635,-1,-0.000611247,TRUE,0.34,0.05390909090909091,3,1,0.20433148572994342,46.90892206922869,12
"Austin-Round Rock, TX",70684,Estancia Villas,2018/3/1,UC/LU,TRUE,2019/3/1,12,1158,1181,23,0.01986183074265968,FALSE,0.237,0.05525,4,1,0.25962742042376313,11.216402823886646,13
"Austin-Round Rock, TX",90985,Terra,2018/3/1,UC/LU,TRUE,2019/8/1,17,1332,1409,77,0.0578078078078077,FALSE,0.138,0.04535294117647059,10,1,0.28759840032462114,74.53132429155943,18
"Austin-Round Rock, TX",91636,Villages of Georgetown,2018/3/1,UC/LU,TRUE,2019/9/1,18,1511,1578,67,0.04434149569821311,FALSE,0.025,0.05338888888888889,4,1,0.23033429811664802,62.3854271482358,19
"Austin-Round Rock, TX",71883,Park at Crystal Falls II,2018/5/1,UC/LU,TRUE,2019/7/1,14,1199,1267,68,0.056713928273561365,FALSE,0.016,0.06542857142857143,8,0,0.283937535048686,45.88256230649639,15
"Austin-Round Rock, TX",82292,Walnut Park,2018/6/1,UC/LU,TRUE,2019/8/1,14,1466,1457,-9,-0.006139154,TRUE,0.003,0.06785714285714285,9,0,0.3015065663029738,23.049222691159603,15
"Austin-Round Rock, TX",86303,Edgewater,2018/7/1,UC/LU,TRUE,2019/11/1,16,1227,1249,22,0.01792991035044822,FALSE,0.104,0.050625,3,1,0.25129875880407887,39.41530383582738,17
"Austin-Round Rock, TX",90351,Plum Creek Vue,2018/7/1,UC/LU,TRUE,2019/4/1,9,1181,1241,60,0.05080440304826417,FALSE,0.033,0.09933333333333334,6,0,0.2515473006105302,36.800513281444566,10
"Austin-Round Rock, TX",91026,Palo Verde,2018/7/1,UC/LU,TRUE,2019/8/1,13,1221,1519,298,0.24406224406224397,FALSE,0,0.073,10,0,0.291368389605905,85.72021957482403,14
"Austin-Round Rock, TX",10251497,Springs at Sunfield,2018/7/1,UC/LU,TRUE,2019/10/1,15,1235,1223,-12,-0.009716599,TRUE,0.031,0.058866666666666664,9,0,0.3036222433661056,39.14242157387132,16
"Austin-Round Rock, TX",70694,Creekside on Parmer Lane,2018/8/1,UC/LU,TRUE,2020/9/1,25,1260,1283,23,0.01825396825396819,FALSE,0.023,0.03508,8,1,0.28562615695776455,65.4801085474407,26
"Austin-Round Rock, TX",82239,Biltmore at the Park,2018/8/1,UC/LU,TRUE,2019/6/1,10,1086,1011,-75,-0.069060773,TRUE,0.421,0.0488,1,1,0.13949858259299466,49.19571304309128,11
"Austin-Round Rock, TX",90988,Windsor Oak Hill,2018/8/1,UC/LU,TRUE,2019/7/1,11,1539,1541,2,0.001299545159194393,FALSE,0.175,0.06681818181818183,5,1,0.2189811116802709,87.8257141195337,12
"Austin-Round Rock, TX",82277,The Santal II,2018/9/1,UC/LU,TRUE,2019/5/1,8,1594,1500,-94,-0.058971142,TRUE,0.051,0.106125,6,0,0.30083194828859366,86.45519070593737,9
"Austin-Round Rock, TX",10251501,The Sarah,2018/10/1,UC/LU,TRUE,2019/7/1,9,1095,1298,203,0.18538812785388137,FALSE,0.114,0.08733333333333333,6,0,0.2580342139243468,71.56977946964301,10
"Austin-Round Rock, TX",42294,Crestview Commons,2018/12/1,LU,TRUE,2019/6/1,6,1470,1494,24,0.01632653061224487,FALSE,0.628,0.05249999999999999,0,0,0.11409060726749885,11.36410388648648,7
"Austin-Round Rock, TX",82341,Windsor Burnet,2018/12/1,UC/LU,TRUE,2019/10/1,10,1565,1752,187,0.11948881789137378,FALSE,0.059,0.0861,6,0,0.3119553872533117,68.01804573386791,11
"Austin-Round Rock, TX",88636,The Guthrie,2018/12/1,UC/LU,TRUE,2019/8/1,8,1553,1593,40,0.025756600128783003,FALSE,0.122,0.10187500000000001,5,0,0.2869069729217314,42.30182554505709,9
"Austin-Round Rock, TX",91008,Altair Tech Ridge,2019/1/1,UC/LU,TRUE,2019/8/1,7,1271,1410,139,0.10936270653029112,FALSE,0.026,0.13342857142857142,5,0,0.365735633445018,62.34008112190514,8
"Austin-Round Rock, TX",71391,Flora,2019/2/1,UC/LU,TRUE,2019/11/1,9,1563,1482,-81,-0.051823417,TRUE,0,0.10366666666666667,6,0,0.35753719309247317,44.825711867681974,10
"Austin-Round Rock, TX",82302,Edison,2019/2/1,UC/LU,TRUE,2020/2/1,12,1773,1672,-101,-0.056965595,TRUE,0.084,0.07016666666666667,6,0,0.31239002167326924,32.725744590067904,13
"Austin-Round Rock, TX",79461,Flatiron Domain,2019/3/1,UC/LU,TRUE,,,,,,,,0.008,,,,,,
"Austin-Round Rock, TX",82396,Wells Junction,2019/3/1,UC/LU,TRUE,2019/8/1,5,1255,1292,37,0.02948207171314743,FALSE,0.34,0.11979999999999999,1,0,0.227065996280083,54.47476479985939,6
"Austin-Round Rock, TX",85403,The Clark,2019/4/1,LU,TRUE,,,,,,,,0.061,,,,,,
"Austin-Round Rock, TX",91020,Travis at The Lake,2019/4/1,UC/LU,TRUE,2019/11/1,7,1471,1638,167,0.11352821210061181,FALSE,0.294,0.09257142857142855,3,0,0.245123292592582,49.93406366685686,8
"Austin-Round Rock, TX",10255043,22 North Apartments,2019/4/1,LU,TRUE,2019/8/1,4,1075,1341,266,0.2474418604651163,FALSE,0.712,0.06775,0,1,0.10009345632957233,128.77383274563198,5
"Austin-Round Rock, TX",10253094,The Carroll at Rivery Ranch,2019/5/1,UC/LU,TRUE,,,,,,,,0.002,,,,,,
"Austin-Round Rock, TX",10255580,Hunters Crossing Apartments,2019/5/1,LU,TRUE,2019/10/1,5,1161,1158,-3,-0.002583979,TRUE,0.203,0.14500000000000002,2,0,0.2906062628368494,1.224744871391589,6
"Austin-Round Rock, TX",90771,The Copeland,2019/6/1,UC/LU,TRUE,,,,,,,,0.033,,,,,,
"Austin-Round Rock, TX",10254214,Estraya Georgetown,2019/6/1,UC/LU,TRUE,,,,,,,,0.025,,,,,,
"Austin-Round Rock, TX",10255590,Stone Hill,2019/6/1,UC/LU,TRUE,2020/4/1,10,1255,1305,50,0.03984063745019917,FALSE,0,0.095,5,0,0.31078709461915915,19.494987700805186,11
"Austin-Round Rock, TX",79221,Aura Riverside,2019/7/1,UC/LU,TRUE,,,,,,,,0.032,,,,,,
"Austin-Round Rock, TX",10252089,The Fitzroy San Marcos,2019/7/1,UC/LU,TRUE,2020/9/1,14,1273,1311,38,0.029850746268656803,FALSE,0.068,0.06449999999999999,7,0,0.2550999430662048,33.96258445491366,15
"Austin-Round Rock, TX",10253290,The Ridge at Headwaters,2019/7/1,UC/LU,TRUE,2020/6/1,11,1452,1356,-96,-0.066115702,TRUE,0,0.08545454545454545,6,0,0.3229996716388236,42.51015921357666,12
"Austin-Round Rock, TX",10253992,The Park at Estancia,2019/7/1,UC/LU,TRUE,2020/6/1,11,1276,1295,19,0.014890282131661436,FALSE,0.024,0.08209090909090909,6,0,0.32224534225658036,37.23838033127877,12
"Austin-Round Rock, TX",82343,The Saint Mary,2019/8/1,UC/LU,TRUE,,,,,,,,0.05,,,,,,
"Austin-Round Rock, TX",82462,Residences at Saltillo,2019/8/1,UC/LU,TRUE,,,,,,,,0.23,,,,,,
"Austin-Round Rock, TX",35651,Gables Republic Square,2019/9/1,UC/LU,TRUE,,,,,,,,0.031,,,,,,
"Austin-Round Rock, TX",91974,Alexan Garza Ranch,2019/9/1,UC/LU,TRUE,,,,,,,,0.048,,,,,,
"Austin-Round Rock, TX",90323,Hermosa Village,2019/10/1,UC/LU,TRUE,,,,,,,,0.016,,,,,,
"Austin-Round Rock, TX",72166,East Vue Ranch,2019/11/1,UC/LU,TRUE,,,,,,,,0.026,,,,,,
"Austin-Round Rock, TX",82401,Lenox Ridge,2019/11/1,UC/LU,TRUE,,,,,,,,0.168,,,,,,
"Austin-Round Rock, TX",10252087,McCarty Commons,2019/11/1,UC/LU,TRUE,2020/9/1,10,1428,1388,-40,-0.028011204,TRUE,0.028,0.09309999999999999,7,0,0.31940862970069034,54.82932194961512,11
"Austin-Round Rock, TX",10253948,Trailside Oaks,2019/11/1,UC/LU,TRUE,,,,,,,,0,,,,,,
"Austin-Round Rock, TX",92221,The Elizabeth at Presidio,2019/12/1,UC/LU,TRUE,,,,,,,,0.018,,,,,,
"Austin-Round Rock, TX",10087244,Caliza,2019/12/1,UC/LU,TRUE,,,,,,,,0.048,,,,,,
"Austin-Round Rock, TX",10253510,Anthem at Ledge Stone,2019/12/1,UC/LU,TRUE,,,,,,,,0.01,,,,,,
"Austin-Round Rock, TX",10253936,The Braxton,2019/12/1,LU,TRUE,,,,,,,,0.596,,,,,,
"Austin-Round Rock, TX",10253991,Oxford at Santa Clara,2019/12/1,LU,TRUE,2020/3/1,3,1248,1255,7,0.00560897435897445,FALSE,0.566,0.13333333333333333,0,0,0.1740220292568348,3.774917217635375,4
"Austin-Round Rock, TX",91019,The Grand at the Domain,2020/1/1,UC/LU,TRUE,,,,,,,,0.1,,,,,,
"Austin-Round Rock, TX",10253994,The Alden at Cedar Park,2020/2/1,UC/LU,TRUE,,,,,,,,0.11,,,,,,
"Austin-Round Rock, TX",10260384,Urbana at Goodnight Ranch,2020/2/1,UC/LU,TRUE,,,,,,,,0,,,,,,
"Austin-Round Rock, TX",70346,Hollybrook Ranch,2020/3/1,UC/LU,TRUE,,,,,,,,0.107,,,,,,
"Austin-Round Rock, TX",87387,FiveTwo at Highland,2020/3/1,UC/LU,TRUE,,,,,,,,0.22,,,,,,
"Austin-Round Rock, TX",10251563,The Flats at Shadowglen,2020/3/1,LU,TRUE,,,,,,,,0.298,,,,,,
"Austin-Round Rock, TX",10252099,Citadel at Tech Ridge,2020/3/1,UC/LU,TRUE,,,,,,,,0.1,,,,,,
"Austin-Round Rock, TX",70636,Davies Ranch,2020/4/1,UC/LU,TRUE,,,,,,,,0.019,,,,,,
"Austin-Round Rock, TX",91541,Lenox SOCO,2020/4/1,UC/LU,TRUE,,,,,,,,0.1,,,,,,
"Austin-Round Rock, TX",10253142,The Magnolia at Crestview,2020/4/1,UC/LU,TRUE,,,,,,,,0.026,,,,,,
"Austin-Round Rock, TX",10258176,Mariposa Flats,2020/4/1,LU,TRUE,,,,,,,,0.598,,,,,,
"Austin-Round Rock, TX",10261515,Linea Stillwater,2020/4/1,UC/LU,TRUE,,,,,,,,0.073,,,,,,
"Austin-Round Rock, TX",86449,Quest,2020/6/1,UC/LU,TRUE,,,,,,,,0.018,,,,,,
"Austin-Round Rock, TX",71738,Lakeline Crossing II,2020/7/1,LU,TRUE,,,,,,,,0.448,,,,,,
"Austin-Round Rock, TX",82358,AMLI South Shore II,2020/7/1,UC/LU,TRUE,,,,,,,,0,,,,,,
"Austin-Round Rock, TX",10252391,St Johns West,2020/7/1,LU,TRUE,,,,,,,,0.358,,,,,,
"Austin-Round Rock, TX",10262830,The Vineyard,2020/7/1,UC/LU,TRUE,,,,,,,,0,,,,,,
"Austin-Round Rock, TX",75981,Presidium at The Pecan District,2020/8/1,UC/LU,TRUE,,,,,,,,0.011,,,,,,
"Austin-Round Rock, TX",10252263,Society SoCo,2020/8/1,UC/LU,TRUE,,,,,,,,0.053,,,,,,
"Austin-Round Rock, TX",10253505,Rhythm,2020/8/1,UC/LU,TRUE,,,,,,,,0.148,,,,,,
"Austin-Round Rock, TX",10254371,The Conley,2020/8/1,UC/LU,TRUE,,,,,,,,0.189,,,,,,
"Austin-Round Rock, TX",10255506,Parkside at Round Rock,2020/8/1,UC/LU,TRUE,,,,,,,,0.24,,,,,,
"Austin-Round Rock, TX",10258133,Leander Junction,2020/8/1,UC/LU,TRUE,,,,,,,,0.052,,,,,,
"Austin-Round Rock, TX",10261718,The Weaver,2020/8/1,UC/LU,TRUE,,,,,,,,0,,,,,,
"Austin-Round Rock, TX",10262616,Hawthorne at Blanco Riverwalk,2020/8/1,UC/LU,TRUE,,,,,,,,0.119,,,,,,
"Austin-Round Rock, TX",10262644,Platform II,2020/8/1,UC/LU,TRUE,,,,,,,,0.117,,,,,,
"Austin-Round Rock, TX",10263165,Mansions at Onion Creek,2020/8/1,UC/LU,TRUE,,,,,,,,0.076,,,,,,
"Austin-Round Rock, TX",10255623,Whitestone Crossing,2020/9/1,UC/LU,TRUE,,,,,,,,0.133,,,,,,
